{"O66LVG-YGPXH-DE3LHC":{"cost":"0.00000","descr":{"aclass":"forex","close":"","leverage":"none","order":"buy 0.00440353 ETHUSD @ stop loss 4617.13","ordertype":"stop-loss","pair":"ETHUSD","price":"4617.13","price2":"0","type":"buy"},"expiretm":0,"fee":"0.00000","group_id":"GXSI2X-ISMDH-FZUB4I","group_role":"secondary","group_type":"bracket","limitprice":"0.00000","misc":"","oflags":"fcib","opentm":1758227811.02395,"price":"0.00000","refid":null,"starttm":0,"status":"open","stopprice":"0.00000","trigger":"index","userref":0,"vol":"0.00440353","vol_exec":"0.00000000"},"ONA6K5-HWBQ6-HHPETB":{"cost":"0.00000","descr":{"aclass":"forex","close":"","leverage":"none","order":"buy 0.00440353 ETHUSD @ take profit 4479.30","ordertype":"take-profit","pair":"ETHUSD","price":"4479.30","price2":"0","type":"buy"},"expiretm":0,"fee":"0.00000","group_id":"GXSI2X-ISMDH-FZUB4I","group_role":"secondary","group_type":"bracket","limitprice":"0.00000","misc":"","oflags":"fcib","opentm":1758227811.02395,"price":"0.00000","refid":null,"starttm":0,"status":"open","stopprice":"0.00000","trigger":"index","userref":0,"vol":"0.00440353","vol_exec":"0.00000000"},"_schema":"open_orders_state/v1"}