{"T3Z7F2-Q5MA4-WHDZLJ":{"aclass":"forex","cost":"121.84622","fee":"0.24369","leverage":"0","maker":true,"margin":"0.00000","misc":"","ordertxid":"OCABUX-GA4VY-BLRTS3","ordertype":"limit","pair":"XETHZUSD","postxid":"TKH2SE-M7IF5-CFI7LT","price":"4623.75000","time":1757880836.891548,"trade_id":56791759,"type":"sell","vol":"0.02635225"},"T44W74-EBMLV-YDLNEL":{"aclass":"forex","cost":"10.00000","fee":"0.03500","leverage":"0","maker":false,"margin":"0.00000","misc":"","ordertxid":"OPP3PN-KSHBM-4DMRFA","ordertype":"market","pair":"XETHZUSD","postxid":"TKH2SE-M7IF5-CFI7LT","price":"4618.01000","time":1757873012.454856,"trade_id":56790503,"type":"buy","vol":"0.00216543"},"T4UR5O-BE6QE-H7T5EO":{"aclass":"forex","cost":"23.68442","fee":"0.08290","leverage":"0","maker":false,"margin":"0.00000","misc":"","ordertxid":"OXABT3-6PXI3-7O7VUO","ordertype":"touched market","pair":"ATHUSD","postxid":"TKH2SE-M7IF5-CFI7LT","price":"0.051780000","time":1757587014.099374,"trade_id":190393,"type":"sell","vol":"457.40470"},"T5NO7G-NVE7U-5BDHDN":{"aclass":"forex","cost":"20.053858440","fee":"0.070188505","leverage":"0","maker":false,"margin":"0.000000000","misc":"","ordertxid":"O6SFCX-MREJ4-LUKFJ5","ordertype":"market","pair":"FLRUSD","postxid":"TKH2SE-M7IF5-CFI7LT","price":"0.022340000","time":1757509855.698315,"trade_id":2491976,"type":"sell","vol":"897.66600000"},"T5Y36U-OSSKW-HMSQBS":{"aclass":"forex","cost":"5.00000","fee":"0.01750","leverage":"0","maker":false,"margin":"0.00000","misc":"","ordertxid":"OKMOTI-LLT2Z-H4WQP3","ordertype":"market","pair":"CROUSD","postxid":"TKH2SE-M7IF5-CFI7LT","price":"0.229830000","time":1757927643.312432,"trade_id":348282,"type":"buy","vol":"21.75521"},"T6BGDC-IBSFM-NXKQ76":{"aclass":"forex","cost":"5.00000","fee":"0.01750","leverage":"0","maker":false,"margin":"0.00000","misc":"","ordertxid":"O6HFVU-V7OLI-DTO3IS","ordertype":"market","pair":"XETHZUSD","postxid":"TKH2SE-M7IF5-CFI7LT","price":"4497.58000","time":1757960607.084109,"trade_id":56808303,"type":"buy","vol":"0.00111171"},"T7ERKF-TZDAH-3TDEYT":{"aclass":"forex","cost":"20.282617","fee":"0.070989","leverage":"0","maker":false,"margin":"0.000000","misc":"","ordertxid":"OJVLOG-KAMM7-337Z3E","ordertype":"limit","pair":"ADAUSD","postxid":"TKH2SE-M7IF5-CFI7LT","price":"0.885000","time":1757582117.265517,"trade_id":17823144,"type":"sell","vol":"22.91821083"},"TAK6AB-32YHD-SF7XE3":{"aclass":"forex","cost":"5.00000","fee":"0.01750","leverage":"0","maker":false,"margin":"0.00000","misc":"","ordertxid":"OA6GDC-7SASZ-NZVNZL","ordertype":"market","pair":"XETHZUSD","postxid":"TKH2SE-M7IF5-CFI7LT","price":"4582.09000","time":1757865490.577499,"trade_id":56788910,"type":"buy","vol":"0.00109121"},"TBBGWZ-HZ5MX-3CZAUY":{"aclass":"forex","cost":"10.00000","fee":"0.03500","leverage":"0","maker":false,"margin":"0.00000","misc":"","ordertxid":"O52TVV-THEDY-JNM3RY","ordertype":"market","pair":"XETHZUSD","postxid":"TKH2SE-M7IF5-CFI7LT","price":"4603.78000","time":1757876258.141884,"trade_id":56790955,"type":"buy","vol":"0.00217213"},"TBG2WW-67Y4J-NOVRQG":{"aclass":"forex","cost":"10.00000","fee":"0.03500","leverage":"0","maker":false,"margin":"0.00000","misc":"","ordertxid":"OJN6FM-HSQXT-R3ZANY","ordertype":"market","pair":"XETHZUSD","postxid":"TKH2SE-M7IF5-CFI7LT","price":"4620.24000","time":1757883118.717436,"trade_id":56792059,"type":"buy","vol":"0.00216439"},"TCCHR6-ESTM6-TDQLJV":{"aclass":"forex","cost":"10.00000","fee":"0.03500","leverage":"0","maker":false,"margin":"0.00000","misc":"","ordertxid":"ODA5EG-55O52-KW2PLG","ordertype":"market","pair":"XETHZUSD","postxid":"TKH2SE-M7IF5-CFI7LT","price":"4622.46000","time":1757871280.788612,"trade_id":56790200,"type":"buy","vol":"0.00216335"},"TCJZEG-MDB25-6ZGHLT":{"aclass":"forex","cost":"10.24498","fee":"0.03586","leverage":"0","maker":false,"margin":"0.00000","misc":"","ordertxid":"O334IP-MEFQL-QERWZA","ordertype":"limit","pair":"XETHZUSD","postxid":"TKH2SE-M7IF5-CFI7LT","price":"4423.09000","time":1757587045.537934,"trade_id":56717870,"type":"sell","vol":"0.00231625"},"TEYSE4-XUIVW-AMLZSD":{"aclass":"forex","cost":"9.999999240","fee":"0.034999997","leverage":"0","maker":false,"margin":"0.000000000","misc":"","ordertxid":"OOUGFC-NAIOA-K43SQL","ordertype":"market","pair":"FLRUSD","postxid":"TKH2SE-M7IF5-CFI7LT","price":"0.022280000","time":1757508835.520583,"trade_id":2491951,"type":"buy","vol":"448.83300000"},"TFE67K-LZXYP-VTWDOU":{"aclass":"forex","cost":"10.00000","fee":"0.03500","leverage":"0","maker":false,"margin":"0.00000","misc":"","ordertxid":"OJ54VY-ZGWEM-CPRRUS","ordertype":"market","pair":"AAVEUSD","postxid":"TKH2SE-M7IF5-CFI7LT","price":"301.61000","time":1757507789.31003,"trade_id":4180945,"type":"buy","vol":"0.03315539"},"THNOO6-C2BLN-QYFBRM":{"aclass":"forex","cost":"10.08725","fee":"0.03531","leverage":"0","maker":false,"margin":"0.00000","misc":"","ordertxid":"O6QYDF-IMSVT-7CYKJ7","ordertype":"market","pair":"BIOUSD","postxid":"TKH2SE-M7IF5-CFI7LT","price":"0.15030000","time":1757510905.993052,"trade_id":143521,"type":"sell","vol":"67.11409"},"TI22EK-4ZUBG-WY6O6H":{"aclass":"forex","cost":"10.00000","fee":"0.03500","leverage":"0","maker":false,"margin":"0.00000","misc":"","ordertxid":"ONU2SW-IYMPJ-CG5R4G","ordertype":"market","pair":"XETHZUSD","postxid":"TKH2SE-M7IF5-CFI7LT","price":"4614.48000","time":1757873855.21965,"trade_id":56790636,"type":"buy","vol":"0.00216709"},"TIK4KD-65FTC-22PQA3":{"aclass":"forex","cost":"10.00000","fee":"0.03500","leverage":"0","maker":false,"margin":"0.00000","misc":"","ordertxid":"OAQW57-RERIA-UROTF5","ordertype":"market","pair":"XETHZUSD","postxid":"TKH2SE-M7IF5-CFI7LT","price":"4605.02000","time":1757870007.974133,"trade_id":56789967,"type":"buy","vol":"0.00217154"},"TITKE6-6FCYB-GXVTRH":{"aclass":"forex","cost":"5.00000","fee":"0.01750","leverage":"0","maker":false,"margin":"0.00000","misc":"","ordertxid":"OJAGDL-ASNT2-ASIXNB","ordertype":"market","pair":"XETHZUSD","postxid":"TKH2SE-M7IF5-CFI7LT","price":"4492.64000","time":1757952597.335725,"trade_id":56806377,"type":"buy","vol":"0.00111293"},"TJCDJ7-VD5VN-FKSET7":{"aclass":"forex","cost":"10.000000000","fee":"0.035000000","leverage":"0","maker":false,"margin":"0.000000000","misc":"","ordertxid":"OK5MLS-YNGS5-GPHZH2","ordertype":"market","pair":"FLRUSD","postxid":"TKH2SE-M7IF5-CFI7LT","price":"0.022280000","time":1757508836.019963,"trade_id":2491952,"type":"buy","vol":"448.83303411"},"TJEBOX-T5CGE-VAI3D5":{"aclass":"forex","cost":"15.01928","fee":"0.03004","leverage":"0","maker":true,"margin":"0.00000","misc":"","ordertxid":"O5J7HV-RKWTE-JGI745","ordertype":"limit","pair":"CROUSD","postxid":"TKH2SE-M7IF5-CFI7LT","price":"0.230250000","time":1757932941.27685,"trade_id":348438,"type":"sell","vol":"65.23030"},"TK7ASP-X3YTD-TJYEFV":{"aclass":"forex","cost":"10.00000","fee":"0.03500","leverage":"0","maker":false,"margin":"0.00000","misc":"","ordertxid":"OXTNU2-YIQVR-HBYB7N","ordertype":"market","pair":"XETHZUSD","postxid":"TKH2SE-M7IF5-CFI7LT","price":"4620.64000","time":1757872866.269896,"trade_id":56790474,"type":"buy","vol":"0.00216420"},"TKEGMF-7M5PJ-O26WKG":{"aclass":"forex","cost":"10.00000","fee":"0.03500","leverage":"0","maker":false,"margin":"0.00000","misc":"","ordertxid":"O4TC64-VLNH5-OMVHTY","ordertype":"market","pair":"XETHZUSD","postxid":"TKH2SE-M7IF5-CFI7LT","price":"4615.39000","time":1757873473.778967,"trade_id":56790573,"type":"buy","vol":"0.00216666"},"TL5YOI-EY3TK-3ASEE5":{"aclass":"forex","cost":"10.00000","fee":"0.03500","leverage":"0","maker":false,"margin":"0.00000","misc":"","ordertxid":"OG22QS-BIVYS-P3BJ2M","ordertype":"market","pair":"XETHZUSD","postxid":"TKH2SE-M7IF5-CFI7LT","price":"4616.58000","time":1757871084.997951,"trade_id":56790172,"type":"buy","vol":"0.00216611"},"TLFDWB-3UGEU-T54U4Y":{"aclass":"forex","cost":"15.00000000","fee":"0.05250000","leverage":"0","maker":false,"margin":"0.00000000","misc":"","ordertxid":"OWTA4I-VCJIM-D25YL3","ordertype":"market","pair":"LMWRUSD","postxid":"TKH2SE-M7IF5-CFI7LT","price":"0.11708439","time":1757940296.95146,"trade_id":0,"type":"buy","vol":"128.11272"},"TLMZOU-QRZS4-C7RH2Y":{"aclass":"forex","cost":"10.00000","fee":"0.03500","leverage":"0","maker":false,"margin":"0.00000","misc":"","ordertxid":"OTYLEY-FGJXO-AKEAV7","ordertype":"market","pair":"XETHZUSD","postxid":"TKH2SE-M7IF5-CFI7LT","price":"4614.02000","time":1757874421.273769,"trade_id":56790689,"type":"buy","vol":"0.00216731"},"TLQJSF-C5ZWW-WMNOF6":{"aclass":"forex","cost":"10.08724","fee":"0.03530","leverage":"0","maker":false,"margin":"0.00000","misc":"","ordertxid":"OIQ4VL-XMYKY-QD7FA5","ordertype":"market","pair":"BIOUSD","postxid":"TKH2SE-M7IF5-CFI7LT","price":"0.15029988","time":1757509875.932108,"trade_id":0,"type":"buy","vol":"67.11409"},"TLSERU-3DIYL-GM4E34":{"aclass":"forex","cost":"5.00000","fee":"0.01750","leverage":"0","maker":false,"margin":"0.00000","misc":"","ordertxid":"O7MSU4-3RIHR-TJZCRL","ordertype":"market","pair":"XETHZUSD","postxid":"TKH2SE-M7IF5-CFI7LT","price":"4497.27000","time":1757953366.500065,"trade_id":56806528,"type":"buy","vol":"0.00111179"},"TM2XLD-4UNX5-DH4HRZ":{"aclass":"forex","cost":"4.95931","fee":"0.01736","leverage":"0","maker":false,"margin":"0.00000","misc":"","ordertxid":"OZCMXP-RHOU4-ZUYOGA","ordertype":"stop market","pair":"XETHZUSD","postxid":"TKH2SE-M7IF5-CFI7LT","price":"4516.68000","time":1757926292.056816,"trade_id":56800031,"type":"sell","vol":"0.00109800"},"TME3ED-JOVDB-E76EXW":{"aclass":"forex","cost":"10.00000","fee":"0.03500","leverage":"0","maker":false,"margin":"0.00000","misc":"","ordertxid":"OUCN5E-VVYN7-6RNIRJ","ordertype":"market","pair":"XETHZUSD","postxid":"TKH2SE-M7IF5-CFI7LT","price":"4624.02000","time":1757882635.378703,"trade_id":56792011,"type":"buy","vol":"0.00216262"},"TMVHN3-2L6EI-LS4ZAA":{"aclass":"forex","cost":"5.00000","fee":"0.01750","leverage":"0","maker":false,"margin":"0.00000","misc":"","ordertxid":"OLOV7W-7RXES-26JONL","ordertype":"market","pair":"CROUSD","postxid":"TKH2SE-M7IF5-CFI7LT","price":"0.229810000","time":1757927913.880226,"trade_id":348284,"type":"buy","vol":"21.75710"},"TN6KW3-2RDED-2RDEFK":{"aclass":"forex","cost":"9.24998","fee":"0.03237","leverage":"0","maker":false,"margin":"0.00000","misc":"","ordertxid":"OWHRE3-H5E3A-UKCBYI","ordertype":"limit","pair":"XETHZUSD","postxid":"TKH2SE-M7IF5-CFI7LT","price":"4624.99000","time":1757871773.158074,"trade_id":56790282,"type":"sell","vol":"0.00200000"},"TNCRLW-O7W6Z-J7NEUT":{"aclass":"forex","cost":"9.91878","fee":"0.03471","leverage":"0","maker":false,"margin":"0.00000","misc":"","ordertxid":"ON327R-P7NWL-2NV2SK","ordertype":"stop market","pair":"XETHZUSD","postxid":"TKH2SE-M7IF5-CFI7LT","price":"4580.99945","time":1757923336.0266,"trade_id":0,"type":"sell","vol":"0.00216520"},"TNM2KG-7BH7M-M7GTTW":{"aclass":"forex","cost":"5.00000","fee":"0.01750","leverage":"0","maker":false,"margin":"0.00000","misc":"","ordertxid":"OMXXGR-RXBWR-HIZBQ2","ordertype":"market","pair":"CROUSD","postxid":"TKH2SE-M7IF5-CFI7LT","price":"0.230290000","time":1757927270.440798,"trade_id":348254,"type":"buy","vol":"21.71175"},"TNQ55N-G2EXF-ULOEBD":{"aclass":"forex","cost":"10.00000","fee":"0.03500","leverage":"0","maker":false,"margin":"0.00000","misc":"","ordertxid":"OCBOWI-XJBRE-I3V4ZY","ordertype":"market","pair":"ATHUSD","postxid":"TKH2SE-M7IF5-CFI7LT","price":"0.043680000","time":1757510928.969808,"trade_id":187725,"type":"buy","vol":"228.93770"},"TO3HEX-J3Y6B-WAIEBM":{"aclass":"forex","cost":"9.24998","fee":"0.03237","leverage":"0","maker":false,"margin":"0.00000","misc":"","ordertxid":"O2TYE7-AKRCW-B35VAR","ordertype":"limit","pair":"XETHZUSD","postxid":"TKH2SE-M7IF5-CFI7LT","price":"4624.99000","time":1757871655.824798,"trade_id":56790259,"type":"sell","vol":"0.00200000"},"TOEDEJ-IWDKX-LFWIEG":{"aclass":"forex","cost":"10.00000","fee":"0.03500","leverage":"0","maker":false,"margin":"0.00000","misc":"","ordertxid":"O4HOJ3-ODK2J-7EHRHN","ordertype":"market","pair":"XETHZUSD","postxid":"TKH2SE-M7IF5-CFI7LT","price":"4622.54000","time":1757872725.648033,"trade_id":56790459,"type":"buy","vol":"0.00216331"},"TOPC26-IO2VZ-SMXPIX":{"aclass":"forex","cost":"20.23052","fee":"0.04046","leverage":"0","maker":true,"margin":"0.00000","misc":"","ordertxid":"OLBFXY-RH3BO-IJJBPV","ordertype":"limit","pair":"XETHZUSD","postxid":"TKH2SE-M7IF5-CFI7LT","price":"4594.16000","time":1758227811.02395,"trade_id":56868511,"type":"sell","vol":"0.00440353"},"TQFR6L-BKZHO-AOHQ7K":{"aclass":"forex","cost":"10.00000","fee":"0.03500","leverage":"0","maker":false,"margin":"0.00000","misc":"","ordertxid":"OZXNUI-OZT6J-WZJC5A","ordertype":"market","pair":"XETHZUSD","postxid":"TKH2SE-M7IF5-CFI7LT","price":"4613.09000","time":1757873987.290029,"trade_id":56790654,"type":"buy","vol":"0.00216774"},"TQJOSI-UC3PK-2D5YN2":{"aclass":"forex","cost":"9.98941","fee":"0.01998","leverage":"0","maker":true,"margin":"0.00000","misc":"","ordertxid":"OBBXW6-KXHLR-OCMB37","ordertype":"limit","pair":"XETHZUSD","postxid":"TKH2SE-M7IF5-CFI7LT","price":"4624.00000","time":1757881696.558818,"trade_id":56791912,"type":"sell","vol":"0.00216034"},"TRBCEQ-OWU3C-KYIQ23":{"aclass":"forex","cost":"5.00000","fee":"0.01750","leverage":"0","maker":false,"margin":"0.00000","misc":"","ordertxid":"ORWLZD-TK4KU-SQ56NP","ordertype":"market","pair":"XETHZUSD","postxid":"TKH2SE-M7IF5-CFI7LT","price":"4500.01000","time":1757959730.010914,"trade_id":56808155,"type":"buy","vol":"0.00111111"},"TRIBQF-4FZPI-FKMWUO":{"aclass":"forex","cost":"10.00000","fee":"0.03500","leverage":"0","maker":false,"margin":"0.00000","misc":"","ordertxid":"OYLDYU-EZFST-X4CKBP","ordertype":"market","pair":"XETHZUSD","postxid":"TKH2SE-M7IF5-CFI7LT","price":"4628.90000","time":1757881061.697551,"trade_id":56791804,"type":"buy","vol":"0.00216034"},"TRYOB5-2JKNV-TO5IIH":{"aclass":"forex","cost":"10.00000","fee":"0.03500","leverage":"0","maker":false,"margin":"0.00000","misc":"","ordertxid":"OL5P4H-M57L5-J3HRRF","ordertype":"market","pair":"XETHZUSD","postxid":"TKH2SE-M7IF5-CFI7LT","price":"4618.52000","time":1757883522.651075,"trade_id":56792095,"type":"buy","vol":"0.00216520"},"TSLTFP-L3NA3-PBHRU2":{"aclass":"forex","cost":"10.00000","fee":"0.03500","leverage":"0","maker":false,"margin":"0.00000","misc":"","ordertxid":"OCTWNH-U2D2L-PP4VA2","ordertype":"market","pair":"XETHZUSD","postxid":"TKH2SE-M7IF5-CFI7LT","price":"4607.82000","time":1757876082.989959,"trade_id":56790931,"type":"buy","vol":"0.00217022"},"TSX646-DCTG3-QTGKY7":{"aclass":"forex","cost":"5.00000","fee":"0.01750","leverage":"0","maker":false,"margin":"0.00000","misc":"","ordertxid":"ORV7FY-E2SRT-TH6T4Q","ordertype":"market","pair":"XETHZUSD","postxid":"TKH2SE-M7IF5-CFI7LT","price":"4553.75000","time":1757925555.879439,"trade_id":56799459,"type":"buy","vol":"0.00109800"},"TTI323-OEHJ2-AEAQMT":{"aclass":"forex","cost":"9.99668","fee":"0.03499","leverage":"0","maker":false,"margin":"0.00000","misc":"","ordertxid":"OP2PEN-DTQWM-4ICHXU","ordertype":"market","pair":"AAVEUSD","postxid":"TKH2SE-M7IF5-CFI7LT","price":"301.51000","time":1757508806.224868,"trade_id":4180972,"type":"sell","vol":"0.03315539"},"TTLTSQ-MWQFR-YVOEJH":{"aclass":"forex","cost":"13.20652282","fee":"0.04622283","leverage":"0","maker":false,"margin":"0.00000000","misc":"","ordertxid":"O2RDRZ-PJJSV-2JPCUJ","ordertype":"touched limit","pair":"LMWRUSD","postxid":"TKH2SE-M7IF5-CFI7LT","price":"0.10308518","time":1757954887.398475,"trade_id":0,"type":"sell","vol":"128.11272"},"TTT2V2-PG6L5-FA3H2A":{"aclass":"forex","cost":"9.97944","fee":"0.03493","leverage":"0","maker":false,"margin":"0.00000","misc":"","ordertxid":"OTCSUZ-INS7O-VME54M","ordertype":"market","pair":"ATHUSD","postxid":"TKH2SE-M7IF5-CFI7LT","price":"0.043680000","time":1757510924.644535,"trade_id":187724,"type":"buy","vol":"228.46698"},"TWJCFU-LZC3Y-RPZSWO":{"aclass":"forex","cost":"10.00000","fee":"0.03500","leverage":"0","maker":false,"margin":"0.00000","misc":"","ordertxid":"OQK5WH-FFQ6G-5TUP22","ordertype":"market","pair":"XETHZUSD","postxid":"TKH2SE-M7IF5-CFI7LT","price":"4617.56000","time":1757870723.915084,"trade_id":56790095,"type":"buy","vol":"0.00216565"},"TXP3IS-YJUMM-LPBZFE":{"aclass":"forex","cost":"9.91946","fee":"0.03472","leverage":"0","maker":false,"margin":"0.00000","misc":"","ordertxid":"OBWTPQ-SOPDL-OL6INL","ordertype":"stop market","pair":"XETHZUSD","postxid":"TKH2SE-M7IF5-CFI7LT","price":"4583.03000","time":1757899356.515365,"trade_id":56794417,"type":"sell","vol":"0.00216439"},"TXQEAS-WEHK7-ZEV2XE":{"aclass":"forex","cost":"5.00000","fee":"0.01750","leverage":"0","maker":false,"margin":"0.00000","misc":"","ordertxid":"O6DEL2-DFJ27-EYL3WB","ordertype":"market","pair":"XETHZUSD","postxid":"TKH2SE-M7IF5-CFI7LT","price":"4586.17000","time":1757865138.865,"trade_id":56788857,"type":"buy","vol":"0.00109023"},"TYXPGR-AR77Q-6AERXB":{"aclass":"forex","cost":"9.91994","fee":"0.03472","leverage":"0","maker":false,"margin":"0.00000","misc":"","ordertxid":"OTXUGL-ZZCHH-VKUEZC","ordertype":"stop market","pair":"XETHZUSD","postxid":"TKH2SE-M7IF5-CFI7LT","price":"4587.00000","time":1757898511.667846,"trade_id":56794289,"type":"sell","vol":"0.00216262"}}