{"entry":{"method":"add_order","params":{"order_type":"limit","side":"buy","order_qty":0.00030000000000000003,"symbol":"BTC/USD","limit_price":30000.0,"time_in_force":"gtc","post_only":true,"validate":true,"cl_ord_id":"mom6e-384bc27"}},"stop_loss":{"method":"add_order","params":{"order_type":"stop-loss-limit","side":"sell","order_qty":0.00030000000000000003,"symbol":"BTC/USD","triggers":{"reference":"last","price":29700.0,"price_type":"static"},"time_in_force":"gtc","validate":true,"cl_ord_id":"mom6s-384bc27","limit_price":29650.0}},"take_profits":[{"method":"add_order","params":{"order_type":"take-profit","side":"sell","order_qty":0.00015,"symbol":"BTC/USD","triggers":{"reference":"last","price":30300.0,"price_type":"static"},"time_in_force":"gtc","validate":true,"cl_ord_id":"mom6t-384bc27"}},{"method":"add_order","params":{"order_type":"take-profit-limit","side":"sell","order_qty":0.00015,"symbol":"BTC/USD","triggers":{"reference":"last","price":30600.0,"price_type":"static"},"time_in_force":"gtc","validate":true,"cl_ord_id":"mom6t-384bc27","limit_price":30580.0}}],"meta":{"entry_notional":9.0,"guards":{"ENTRY_MAX_NOTIONAL":{"ok":true,"computed":9.0,"limit":10.0},"ONE_POSITION_ONLY":{"ok":true,"reason":null}},"min_order":{"ok":true,"min_qty":0.0001,"effective_qty":0.00030000000000000003},"qty":0.00030000000000000003,"symbol":"BTC/USD","side":"buy","limit_price":30000.0}}
